{
  "jax_qsim": {
    "4": {
      "mean": 0.0,
      "std": 0.0
    },
    "5": {
      "mean": 0.0,
      "std": 0.0
    },
    "6": {
      "mean": 0.0,
      "std": 0.0
    },
    "7": {
      "mean": 0.0,
      "std": 0.0
    },
    "8": {
      "mean": 0.0,
      "std": 0.0
    },
    "9": {
      "mean": 0.0004375576972961426,
      "std": 0.0011576688512876725
    },
    "10": {
      "mean": 0.00047522783279418945,
      "std": 0.000759833388569751
    },
    "11": {
      "mean": 0.0011317431926727295,
      "std": 0.0014468438418753374
    },
    "12": {
      "mean": 0.003987252712249756,
      "std": 0.0014352574781860256
    }
  },
  "pennylane": {
    "4": {
      "mean": null,
      "std": null
    },
    "5": {
      "mean": null,
      "std": null
    },
    "6": {
      "mean": null,
      "std": null
    },
    "7": {
      "mean": null,
      "std": null
    },
    "8": {
      "mean": null,
      "std": null
    },
    "9": {
      "mean": null,
      "std": null
    },
    "10": {
      "mean": null,
      "std": null
    },
    "11": {
      "mean": null,
      "std": null
    },
    "12": {
      "mean": null,
      "std": null
    }
  },
  "cirq": {
    "4": {
      "mean": 0.005549192428588867,
      "std": 0.002308774573768628
    },
    "5": {
      "mean": 0.006708055734634399,
      "std": 0.0022356892943877892
    },
    "6": {
      "mean": 0.006946384906768799,
      "std": 0.0021307051396136033
    },
    "7": {
      "mean": 0.0078096091747283936,
      "std": 0.002687006954440152
    },
    "8": {
      "mean": 0.008705109357833862,
      "std": 0.0025805257114166888
    },
    "9": {
      "mean": 0.01518857479095459,
      "std": 0.002220041000481114
    },
    "10": {
      "mean": 0.015728533267974854,
      "std": 0.00303244726368132
    },
    "11": {
      "mean": null,
      "std": null
    },
    "12": {
      "mean": null,
      "std": null
    }
  }
}